{
  "num_samples": 4905409,
  "mean": 2.6285496275641846,
  "variance": 2.972883266854758,
  "nb_mu": 2.6285496273363496,
  "nb_alpha": 0.03696279493927793,
  "ks_stat": 0.2763644048814199,
  "ks_pvalue": 0.0
}